year,month,day,timezone,sunrise_time,sunrise_angle,sunset_time,sunset_angle,daylength,daylength_diff,astro_start,astro_end,nautical_start,nautical_end,civil_start,civil_end,solar_noon_time,solar_noon_angle,mil_mi
2019,JAN,1,EST,7:18 AM,116,5:40 PM,244,10:21:59,+0:24,5:54 AM,7:04 PM,6:22 AM,6:35 PM,6:52 AM,6:05 PM,12:29 PM,38.5,91.404
2019,JAN,2,EST,7:18 AM,116,5:40 PM,244,10:22:26,+0:27,5:54 AM,7:04 PM,6:23 AM,6:35 PM,6:52 AM,6:06 PM,12:29 PM,38.6,91.404
2019,JAN,3,EST,7:18 AM,116,5:41 PM,244,10:22:56,+0:29,5:54 AM,7:05 PM,6:23 AM,6:36 PM,6:52 AM,6:07 PM,12:29 PM,38.7,91.404
2019,JAN,4,EST,7:18 AM,116,5:42 PM,244,10:23:28,+0:31,5:54 AM,7:06 PM,6:23 AM,6:37 PM,6:53 AM,6:08 PM,12:30 PM,38.8,91.404
2019,JAN,5,EST,7:18 AM,115,5:42 PM,245,10:24:02,+0:34,5:55 AM,7:06 PM,6:23 AM,6:37 PM,6:53 AM,6:08 PM,12:30 PM,38.9,91.405
2019,JAN,6,EST,7:19 AM,115,5:43 PM,245,10:24:38,+0:36,5:55 AM,7:07 PM,6:24 AM,6:38 PM,6:53 AM,6:09 PM,12:31 PM,39,91.406
2019,JAN,7,EST,7:19 AM,115,5:44 PM,245,10:25:16,+0:38,5:55 AM,7:08 PM,6:24 AM,6:39 PM,6:53 AM,6:10 PM,12:31 PM,39.1,91.407
2019,JAN,8,EST,7:19 AM,115,5:45 PM,245,10:25:57,+0:40,5:55 AM,7:08 PM,6:24 AM,6:40 PM,6:53 AM,6:10 PM,12:32 PM,39.3,91.409
2019,JAN,9,EST,7:19 AM,115,5:46 PM,245,10:26:40,+0:42,5:55 AM,7:09 PM,6:24 AM,6:40 PM,6:53 AM,6:11 PM,12:32 PM,39.4,91.411
2019,JAN,10,EST,7:19 AM,115,5:46 PM,245,10:27:25,+0:44,5:56 AM,7:10 PM,6:24 AM,6:41 PM,6:53 AM,6:12 PM,12:33 PM,39.6,91.414
2019,JAN,11,EST,7:19 AM,115,5:47 PM,246,10:28:12,+0:46,5:56 AM,7:10 PM,6:24 AM,6:42 PM,6:53 AM,6:13 PM,12:33 PM,39.7,91.417
2019,JAN,12,EST,7:19 AM,114,5:48 PM,246,10:29:00,+0:48,5:56 AM,7:11 PM,6:24 AM,6:42 PM,6:53 AM,6:13 PM,12:33 PM,39.9,91.42
2019,JAN,13,EST,7:19 AM,114,5:49 PM,246,10:29:51,+0:50,5:56 AM,7:12 PM,6:24 AM,6:43 PM,6:53 AM,6:14 PM,12:34 PM,40,91.424
2019,JAN,14,EST,7:19 AM,114,5:50 PM,246,10:30:44,+0:52,5:56 AM,7:12 PM,6:24 AM,6:44 PM,6:53 AM,6:15 PM,12:34 PM,40.2,91.428
2019,JAN,15,EST,7:19 AM,114,5:50 PM,246,10:31:39,+0:54,5:56 AM,7:13 PM,6:24 AM,6:45 PM,6:53 AM,6:16 PM,12:34 PM,40.4,91.433
2019,JAN,16,EST,7:19 AM,114,5:51 PM,247,10:32:36,+0:56,5:56 AM,7:14 PM,6:24 AM,6:45 PM,6:53 AM,6:17 PM,12:35 PM,40.6,91.438
2019,JAN,17,EST,7:18 AM,113,5:52 PM,247,10:33:34,+0:58,5:56 AM,7:15 PM,6:24 AM,6:46 PM,6:53 AM,6:17 PM,12:35 PM,40.8,91.444
2019,JAN,18,EST,7:18 AM,113,5:53 PM,247,10:34:34,+1:00,5:56 AM,7:15 PM,6:24 AM,6:47 PM,6:53 AM,6:18 PM,12:35 PM,41,91.45
2019,JAN,19,EST,7:18 AM,113,5:54 PM,247,10:35:36,+1:01,5:56 AM,7:16 PM,6:24 AM,6:48 PM,6:53 AM,6:19 PM,12:36 PM,41.2,91.457
2019,JAN,20,EST,7:18 AM,113,5:54 PM,248,10:36:40,+1:03,5:56 AM,7:17 PM,6:24 AM,6:48 PM,6:53 AM,6:20 PM,12:36 PM,41.4,91.465
2019,JAN,21,EST,7:18 AM,112,5:55 PM,248,10:37:46,+1:05,5:55 AM,7:17 PM,6:24 AM,6:49 PM,6:52 AM,6:20 PM,12:36 PM,41.6,91.473
2019,JAN,22,EST,7:17 AM,112,5:56 PM,248,10:38:52,+1:06,5:55 AM,7:18 PM,6:23 AM,6:50 PM,6:52 AM,6:21 PM,12:37 PM,41.9,91.482
2019,JAN,23,EST,7:17 AM,112,5:57 PM,248,10:40:01,+1:08,5:55 AM,7:19 PM,6:23 AM,6:51 PM,6:52 AM,6:22 PM,12:37 PM,42.1,91.491
2019,JAN,24,EST,7:17 AM,112,5:58 PM,249,10:41:11,+1:10,5:55 AM,7:20 PM,6:23 AM,6:51 PM,6:52 AM,6:23 PM,12:37 PM,42.3,91.501
2019,JAN,25,EST,7:16 AM,111,5:59 PM,249,10:42:23,+1:11,5:55 AM,7:20 PM,6:23 AM,6:52 PM,6:51 AM,6:24 PM,12:37 PM,42.6,91.511
2019,JAN,26,EST,7:16 AM,111,5:59 PM,249,10:43:36,+1:13,5:54 AM,7:21 PM,6:22 AM,6:53 PM,6:51 AM,6:24 PM,12:38 PM,42.8,91.522
2019,JAN,27,EST,7:15 AM,111,6:00 PM,249,10:44:50,+1:14,5:54 AM,7:22 PM,6:22 AM,6:54 PM,6:51 AM,6:25 PM,12:38 PM,43.1,91.534
2019,JAN,28,EST,7:15 AM,110,6:01 PM,250,10:46:06,+1:15,5:54 AM,7:22 PM,6:22 AM,6:54 PM,6:50 AM,6:26 PM,12:38 PM,43.3,91.545
2019,JAN,29,EST,7:15 AM,110,6:02 PM,250,10:47:23,+1:17,5:53 AM,7:23 PM,6:21 AM,6:55 PM,6:50 AM,6:27 PM,12:38 PM,43.6,91.558
2019,JAN,30,EST,7:14 AM,110,6:03 PM,250,10:48:41,+1:18,5:53 AM,7:24 PM,6:21 AM,6:56 PM,6:49 AM,6:28 PM,12:38 PM,43.9,91.57
2019,JAN,31,EST,7:14 AM,109,6:04 PM,251,10:50:01,+1:19,5:53 AM,7:25 PM,6:21 AM,6:57 PM,6:49 AM,6:28 PM,12:38 PM,44.2,91.583
2019,FEB,1,EST,7:13 AM,109,6:04 PM,251,10:51:22,+1:20,5:52 AM,7:25 PM,6:20 AM,6:57 PM,6:48 AM,6:29 PM,12:39 PM,44.4,91.597
2019,FEB,2,EST,7:12 AM,109,6:05 PM,251,10:52:44,+1:21,5:52 AM,7:26 PM,6:20 AM,6:58 PM,6:48 AM,6:30 PM,12:39 PM,44.7,91.61
2019,FEB,3,EST,7:12 AM,108,6:06 PM,252,10:54:07,+1:23,5:51 AM,7:27 PM,6:19 AM,6:59 PM,6:47 AM,6:31 PM,12:39 PM,45,91.624
2019,FEB,4,EST,7:11 AM,108,6:07 PM,252,10:55:31,+1:24,5:51 AM,7:27 PM,6:19 AM,6:59 PM,6:47 AM,6:31 PM,12:39 PM,45.3,91.638
2019,FEB,5,EST,7:11 AM,108,6:08 PM,252,10:56:56,+1:25,5:50 AM,7:28 PM,6:18 AM,7:00 PM,6:46 AM,6:32 PM,12:39 PM,45.6,91.653
2019,FEB,6,EST,7:10 AM,107,6:08 PM,253,10:58:22,+1:26,5:50 AM,7:29 PM,6:18 AM,7:01 PM,6:46 AM,6:33 PM,12:39 PM,45.9,91.667
2019,FEB,7,EST,7:09 AM,107,6:09 PM,253,10:59:49,+1:27,5:49 AM,7:29 PM,6:17 AM,7:02 PM,6:45 AM,6:34 PM,12:39 PM,46.2,91.683
2019,FEB,8,EST,7:09 AM,107,6:10 PM,254,11:01:17,+1:28,5:49 AM,7:30 PM,6:16 AM,7:02 PM,6:44 AM,6:34 PM,12:39 PM,46.6,91.698
2019,FEB,9,EST,7:08 AM,106,6:11 PM,254,11:02:46,+1:28,5:48 AM,7:31 PM,6:16 AM,7:03 PM,6:44 AM,6:35 PM,12:39 PM,46.9,91.713
2019,FEB,10,EST,7:07 AM,106,6:12 PM,254,11:04:16,+1:29,5:48 AM,7:31 PM,6:15 AM,7:04 PM,6:43 AM,6:36 PM,12:39 PM,47.2,91.729
2019,FEB,11,EST,7:07 AM,106,6:12 PM,255,11:05:47,+1:30,5:47 AM,7:32 PM,6:14 AM,7:04 PM,6:42 AM,6:37 PM,12:39 PM,47.5,91.746
2019,FEB,12,EST,7:06 AM,105,6:13 PM,255,11:07:18,+1:31,5:46 AM,7:33 PM,6:14 AM,7:05 PM,6:42 AM,6:37 PM,12:39 PM,47.9,91.762
2019,FEB,13,EST,7:05 AM,105,6:14 PM,255,11:08:50,+1:32,5:46 AM,7:33 PM,6:13 AM,7:06 PM,6:41 AM,6:38 PM,12:39 PM,48.2,91.779
2019,FEB,14,EST,7:04 AM,104,6:15 PM,256,11:10:23,+1:32,5:45 AM,7:34 PM,6:12 AM,7:06 PM,6:40 AM,6:39 PM,12:39 PM,48.5,91.796
2019,FEB,15,EST,7:03 AM,104,6:15 PM,256,11:11:57,+1:33,5:44 AM,7:35 PM,6:12 AM,7:07 PM,6:39 AM,6:39 PM,12:39 PM,48.9,91.814
2019,FEB,16,EST,7:03 AM,104,6:16 PM,257,11:13:31,+1:34,5:43 AM,7:35 PM,6:11 AM,7:08 PM,6:38 AM,6:40 PM,12:39 PM,49.2,91.832
2019,FEB,17,EST,7:02 AM,103,6:17 PM,257,11:15:06,+1:34,5:43 AM,7:36 PM,6:10 AM,7:08 PM,6:38 AM,6:41 PM,12:39 PM,49.6,91.851
2019,FEB,18,EST,7:01 AM,103,6:17 PM,257,11:16:41,+1:35,5:42 AM,7:37 PM,6:09 AM,7:09 PM,6:37 AM,6:41 PM,12:39 PM,49.9,91.87
2019,FEB,19,EST,7:00 AM,102,6:18 PM,258,11:18:17,+1:35,5:41 AM,7:37 PM,6:08 AM,7:10 PM,6:36 AM,6:42 PM,12:39 PM,50.3,91.889
2019,FEB,20,EST,6:59 AM,102,6:19 PM,258,11:19:54,+1:36,5:40 AM,7:38 PM,6:08 AM,7:10 PM,6:35 AM,6:43 PM,12:39 PM,50.6,91.909
2019,FEB,21,EST,6:58 AM,102,6:20 PM,259,11:21:31,+1:37,5:39 AM,7:38 PM,6:07 AM,7:11 PM,6:34 AM,6:43 PM,12:39 PM,51,91.93
2019,FEB,22,EST,6:57 AM,101,6:20 PM,259,11:23:08,+1:37,5:38 AM,7:39 PM,6:06 AM,7:12 PM,6:33 AM,6:44 PM,12:38 PM,51.4,91.951
2019,FEB,23,EST,6:56 AM,101,6:21 PM,259,11:24:46,+1:38,5:38 AM,7:40 PM,6:05 AM,7:12 PM,6:32 AM,6:45 PM,12:38 PM,51.7,91.972
2019,FEB,24,EST,6:55 AM,100,6:22 PM,260,11:26:25,+1:38,5:37 AM,7:40 PM,6:04 AM,7:13 PM,6:31 AM,6:45 PM,12:38 PM,52.1,91.994
2019,FEB,25,EST,6:54 AM,100,6:22 PM,260,11:28:03,+1:38,5:36 AM,7:41 PM,6:03 AM,7:14 PM,6:30 AM,6:46 PM,12:38 PM,52.5,92.016
2019,FEB,26,EST,6:53 AM,99,6:23 PM,261,11:29:43,+1:39,5:35 AM,7:41 PM,6:02 AM,7:14 PM,6:29 AM,6:47 PM,12:38 PM,52.8,92.038
2019,FEB,27,EST,6:52 AM,99,6:24 PM,261,11:31:22,+1:39,5:34 AM,7:42 PM,6:01 AM,7:15 PM,6:29 AM,6:47 PM,12:38 PM,53.2,92.06
2019,FEB,28,EST,6:51 AM,99,6:24 PM,262,11:33:02,+1:40,5:33 AM,7:43 PM,6:00 AM,7:15 PM,6:28 AM,6:48 PM,12:38 PM,53.6,92.083
2019,MAR,1,EST,6:50 AM,98,6:25 PM,262,11:34:43,+1:40,5:32 AM,7:43 PM,5:59 AM,7:16 PM,6:27 AM,6:49 PM,12:37 PM,54,92.106
2019,MAR,2,EST,6:49 AM,98,6:26 PM,262,11:36:23,+1:40,5:31 AM,7:44 PM,5:58 AM,7:17 PM,6:26 AM,6:49 PM,12:37 PM,54.3,92.129
2019,MAR,3,EST,6:48 AM,97,6:26 PM,263,11:38:04,+1:40,5:30 AM,7:45 PM,5:57 AM,7:17 PM,6:24 AM,6:50 PM,12:37 PM,54.7,92.152
2019,MAR,4,EST,6:47 AM,97,6:27 PM,263,11:39:45,+1:41,5:29 AM,7:45 PM,5:56 AM,7:18 PM,6:23 AM,6:50 PM,12:37 PM,55.1,92.176
2019,MAR,5,EST,6:46 AM,96,6:27 PM,264,11:41:27,+1:41,5:28 AM,7:46 PM,5:55 AM,7:18 PM,6:22 AM,6:51 PM,12:37 PM,55.5,92.199
2019,MAR,6,EST,6:45 AM,96,6:28 PM,264,11:43:09,+1:41,5:27 AM,7:46 PM,5:54 AM,7:19 PM,6:21 AM,6:52 PM,12:36 PM,55.9,92.223
2019,MAR,7,EST,6:44 AM,96,6:29 PM,265,11:44:50,+1:41,5:26 AM,7:47 PM,5:53 AM,7:20 PM,6:20 AM,6:52 PM,12:36 PM,56.3,92.247
2019,MAR,8,EST,6:43 AM,95,6:29 PM,265,11:46:33,+1:42,5:25 AM,7:48 PM,5:52 AM,7:20 PM,6:19 AM,6:53 PM,12:36 PM,56.7,92.271
2019,MAR,9,EST,6:42 AM,95,6:30 PM,266,11:48:15,+1:42,5:23 AM,7:48 PM,5:51 AM,7:21 PM,6:18 AM,6:53 PM,12:36 PM,57.1,92.295
2019,MAR,10,EDT,7:41 AM,94,7:31 PM,266,11:49:57,+1:42,6:22 AM,8:49 PM,6:50 AM,8:21 PM,7:17 AM,7:54 PM,1:35 PM,57.4,92.319
2019,MAR,11,EDT,7:39 AM,94,7:31 PM,266,11:51:40,+1:42,6:21 AM,8:49 PM,6:49 AM,8:22 PM,7:16 AM,7:55 PM,1:35 PM,57.8,92.343
2019,MAR,12,EDT,7:38 AM,93,7:32 PM,267,11:53:22,+1:42,6:20 AM,8:50 PM,6:47 AM,8:23 PM,7:15 AM,7:55 PM,1:35 PM,58.2,92.367
2019,MAR,13,EDT,7:37 AM,93,7:32 PM,267,11:55:05,+1:42,6:19 AM,8:51 PM,6:46 AM,8:23 PM,7:14 AM,7:56 PM,1:35 PM,58.6,92.392
2019,MAR,14,EDT,7:36 AM,92,7:33 PM,268,11:56:48,+1:42,6:18 AM,8:51 PM,6:45 AM,8:24 PM,7:13 AM,7:56 PM,1:34 PM,59,92.416
2019,MAR,15,EDT,7:35 AM,92,7:33 PM,268,11:58:31,+1:42,6:17 AM,8:52 PM,6:44 AM,8:24 PM,7:11 AM,7:57 PM,1:34 PM,59.4,92.441
2019,MAR,16,EDT,7:34 AM,92,7:34 PM,269,12:00:14,+1:42,6:15 AM,8:52 PM,6:43 AM,8:25 PM,7:10 AM,7:58 PM,1:34 PM,59.8,92.466
2019,MAR,17,EDT,7:33 AM,91,7:35 PM,269,12:01:57,+1:42,6:14 AM,8:53 PM,6:42 AM,8:26 PM,7:09 AM,7:58 PM,1:33 PM,60.2,92.491
2019,MAR,18,EDT,7:31 AM,91,7:35 PM,270,12:03:40,+1:43,6:13 AM,8:54 PM,6:41 AM,8:26 PM,7:08 AM,7:59 PM,1:33 PM,60.6,92.516
2019,MAR,19,EDT,7:30 AM,90,7:36 PM,270,12:05:23,+1:43,6:12 AM,8:54 PM,6:39 AM,8:27 PM,7:07 AM,7:59 PM,1:33 PM,61,92.542
2019,MAR,20,EDT,7:29 AM,90,7:36 PM,270,12:07:06,+1:43,6:11 AM,8:55 PM,6:38 AM,8:27 PM,7:06 AM,8:00 PM,1:32 PM,61.4,92.567
2019,MAR,21,EDT,7:28 AM,89,7:37 PM,271,12:08:49,+1:42,6:09 AM,8:56 PM,6:37 AM,8:28 PM,7:04 AM,8:00 PM,1:32 PM,61.8,92.593
2019,MAR,22,EDT,7:27 AM,89,7:37 PM,271,12:10:32,+1:42,6:08 AM,8:56 PM,6:36 AM,8:28 PM,7:03 AM,8:01 PM,1:32 PM,62.2,92.62
2019,MAR,23,EDT,7:26 AM,88,7:38 PM,272,12:12:15,+1:42,6:07 AM,8:57 PM,6:35 AM,8:29 PM,7:02 AM,8:02 PM,1:32 PM,62.6,92.646
2019,MAR,24,EDT,7:25 AM,88,7:39 PM,272,12:13:58,+1:42,6:06 AM,8:57 PM,6:34 AM,8:30 PM,7:01 AM,8:02 PM,1:31 PM,63,92.673
2019,MAR,25,EDT,7:23 AM,88,7:39 PM,273,12:15:40,+1:42,6:05 AM,8:58 PM,6:32 AM,8:30 PM,7:00 AM,8:03 PM,1:31 PM,63.4,92.7
2019,MAR,26,EDT,7:22 AM,87,7:40 PM,273,12:17:23,+1:42,6:03 AM,8:59 PM,6:31 AM,8:31 PM,6:59 AM,8:03 PM,1:31 PM,63.8,92.727
2019,MAR,27,EDT,7:21 AM,87,7:40 PM,274,12:19:06,+1:42,6:02 AM,8:59 PM,6:30 AM,8:31 PM,6:57 AM,8:04 PM,1:30 PM,64.1,92.754
2019,MAR,28,EDT,7:20 AM,86,7:41 PM,274,12:20:48,+1:42,6:01 AM,9:00 PM,6:29 AM,8:32 PM,6:56 AM,8:04 PM,1:30 PM,64.5,92.781
2019,MAR,29,EDT,7:19 AM,86,7:41 PM,275,12:22:31,+1:42,6:00 AM,9:01 PM,6:28 AM,8:33 PM,6:55 AM,8:05 PM,1:30 PM,64.9,92.808
2019,MAR,30,EDT,7:18 AM,85,7:42 PM,275,12:24:13,+1:42,5:58 AM,9:01 PM,6:26 AM,8:33 PM,6:54 AM,8:06 PM,1:29 PM,65.3,92.836
2019,MAR,31,EDT,7:16 AM,85,7:42 PM,275,12:25:55,+1:42,5:57 AM,9:02 PM,6:25 AM,8:34 PM,6:53 AM,8:06 PM,1:29 PM,65.7,92.863
2019,APR,1,EDT,7:15 AM,84,7:43 PM,276,12:27:37,+1:41,5:56 AM,9:03 PM,6:24 AM,8:34 PM,6:52 AM,8:07 PM,1:29 PM,66.1,92.89
2019,APR,2,EDT,7:14 AM,84,7:43 PM,276,12:29:18,+1:41,5:55 AM,9:03 PM,6:23 AM,8:35 PM,6:50 AM,8:07 PM,1:29 PM,66.5,92.917
2019,APR,3,EDT,7:13 AM,84,7:44 PM,277,12:31:00,+1:41,5:53 AM,9:04 PM,6:21 AM,8:36 PM,6:49 AM,8:08 PM,1:28 PM,66.9,92.944
2019,APR,4,EDT,7:12 AM,83,7:45 PM,277,12:32:41,+1:41,5:52 AM,9:05 PM,6:20 AM,8:36 PM,6:48 AM,8:08 PM,1:28 PM,67.2,92.971
2019,APR,5,EDT,7:11 AM,83,7:45 PM,278,12:34:22,+1:40,5:51 AM,9:05 PM,6:19 AM,8:37 PM,6:47 AM,8:09 PM,1:28 PM,67.6,92.997
2019,APR,6,EDT,7:10 AM,82,7:46 PM,278,12:36:03,+1:40,5:49 AM,9:06 PM,6:18 AM,8:38 PM,6:46 AM,8:10 PM,1:27 PM,68,93.024
2019,APR,7,EDT,7:09 AM,82,7:46 PM,278,12:37:43,+1:40,5:48 AM,9:07 PM,6:17 AM,8:38 PM,6:45 AM,8:10 PM,1:27 PM,68.4,93.05
2019,APR,8,EDT,7:07 AM,81,7:47 PM,279,12:39:23,+1:40,5:47 AM,9:08 PM,6:15 AM,8:39 PM,6:44 AM,8:11 PM,1:27 PM,68.7,93.077
2019,APR,9,EDT,7:06 AM,81,7:47 PM,279,12:41:03,+1:39,5:46 AM,9:08 PM,6:14 AM,8:40 PM,6:42 AM,8:11 PM,1:27 PM,69.1,93.103
2019,APR,10,EDT,7:05 AM,81,7:48 PM,280,12:42:42,+1:39,5:44 AM,9:09 PM,6:13 AM,8:40 PM,6:41 AM,8:12 PM,1:26 PM,69.5,93.129
2019,APR,11,EDT,7:04 AM,80,7:49 PM,280,12:44:22,+1:39,5:43 AM,9:10 PM,6:12 AM,8:41 PM,6:40 AM,8:13 PM,1:26 PM,69.9,93.155
2019,APR,12,EDT,7:03 AM,80,7:49 PM,281,12:46:00,+1:38,5:42 AM,9:10 PM,6:11 AM,8:41 PM,6:39 AM,8:13 PM,1:26 PM,70.2,93.181
2019,APR,13,EDT,7:02 AM,79,7:50 PM,281,12:47:38,+1:38,5:41 AM,9:11 PM,6:10 AM,8:42 PM,6:38 AM,8:14 PM,1:26 PM,70.6,93.206
2019,APR,14,EDT,7:01 AM,79,7:50 PM,281,12:49:16,+1:37,5:39 AM,9:12 PM,6:08 AM,8:43 PM,6:37 AM,8:14 PM,1:25 PM,70.9,93.232
2019,APR,15,EDT,7:00 AM,78,7:51 PM,282,12:50:54,+1:37,5:38 AM,9:13 PM,6:07 AM,8:43 PM,6:36 AM,8:15 PM,1:25 PM,71.3,93.258
2019,APR,16,EDT,6:59 AM,78,7:51 PM,282,12:52:31,+1:36,5:37 AM,9:13 PM,6:06 AM,8:44 PM,6:35 AM,8:16 PM,1:25 PM,71.7,93.283
2019,APR,17,EDT,6:58 AM,78,7:52 PM,283,12:54:07,+1:36,5:36 AM,9:14 PM,6:05 AM,8:45 PM,6:34 AM,8:16 PM,1:25 PM,72,93.309
2019,APR,18,EDT,6:57 AM,77,7:52 PM,283,12:55:43,+1:35,5:34 AM,9:15 PM,6:04 AM,8:46 PM,6:32 AM,8:17 PM,1:24 PM,72.4,93.334
2019,APR,19,EDT,6:56 AM,77,7:53 PM,283,12:57:18,+1:35,5:33 AM,9:16 PM,6:03 AM,8:46 PM,6:31 AM,8:17 PM,1:24 PM,72.7,93.36
2019,APR,20,EDT,6:55 AM,76,7:54 PM,284,12:58:53,+1:34,5:32 AM,9:17 PM,6:02 AM,8:47 PM,6:30 AM,8:18 PM,1:24 PM,73.1,93.386
2019,APR,21,EDT,6:54 AM,76,7:54 PM,284,13:00:27,+1:34,5:31 AM,9:17 PM,6:00 AM,8:48 PM,6:29 AM,8:19 PM,1:24 PM,73.4,93.412
2019,APR,22,EDT,6:53 AM,76,7:55 PM,285,13:02:01,+1:33,5:30 AM,9:18 PM,5:59 AM,8:48 PM,6:28 AM,8:19 PM,1:24 PM,73.7,93.437
2019,APR,23,EDT,6:52 AM,75,7:55 PM,285,13:03:34,+1:33,5:28 AM,9:19 PM,5:58 AM,8:49 PM,6:27 AM,8:20 PM,1:23 PM,74.1,93.463
2019,APR,24,EDT,6:51 AM,75,7:56 PM,285,13:05:06,+1:32,5:27 AM,9:20 PM,5:57 AM,8:50 PM,6:26 AM,8:21 PM,1:23 PM,74.4,93.488
2019,APR,25,EDT,6:50 AM,74,7:57 PM,286,13:06:38,+1:31,5:26 AM,9:21 PM,5:56 AM,8:50 PM,6:25 AM,8:21 PM,1:23 PM,74.7,93.514
2019,APR,26,EDT,6:49 AM,74,7:57 PM,286,13:08:09,+1:31,5:25 AM,9:21 PM,5:55 AM,8:51 PM,6:24 AM,8:22 PM,1:23 PM,75,93.539
2019,APR,27,EDT,6:48 AM,74,7:58 PM,286,13:09:39,+1:30,5:24 AM,9:22 PM,5:54 AM,8:52 PM,6:23 AM,8:22 PM,1:23 PM,75.4,93.564
2019,APR,28,EDT,6:47 AM,73,7:58 PM,287,13:11:09,+1:29,5:23 AM,9:23 PM,5:53 AM,8:53 PM,6:22 AM,8:23 PM,1:23 PM,75.7,93.589
2019,APR,29,EDT,6:46 AM,73,7:59 PM,287,13:12:38,+1:28,5:22 AM,9:24 PM,5:52 AM,8:53 PM,6:21 AM,8:24 PM,1:22 PM,76,93.614
2019,APR,30,EDT,6:45 AM,73,8:00 PM,288,13:14:06,+1:27,5:21 AM,9:25 PM,5:51 AM,8:54 PM,6:21 AM,8:24 PM,1:22 PM,76.3,93.638
2019,MAY,1,EDT,6:45 AM,72,8:00 PM,288,13:15:33,+1:26,5:19 AM,9:25 PM,5:50 AM,8:55 PM,6:20 AM,8:25 PM,1:22 PM,76.6,93.662
2019,MAY,2,EDT,6:44 AM,72,8:01 PM,288,13:16:59,+1:26,5:18 AM,9:26 PM,5:49 AM,8:55 PM,6:19 AM,8:26 PM,1:22 PM,76.9,93.686
2019,MAY,3,EDT,6:43 AM,72,8:01 PM,289,13:18:24,+1:25,5:17 AM,9:27 PM,5:48 AM,8:56 PM,6:18 AM,8:26 PM,1:22 PM,77.2,93.71
2019,MAY,4,EDT,6:42 AM,71,8:02 PM,289,13:19:48,+1:24,5:16 AM,9:28 PM,5:47 AM,8:57 PM,6:17 AM,8:27 PM,1:22 PM,77.5,93.733
2019,MAY,5,EDT,6:41 AM,71,8:03 PM,289,13:21:12,+1:23,5:15 AM,9:29 PM,5:46 AM,8:58 PM,6:16 AM,8:28 PM,1:22 PM,77.8,93.756
2019,MAY,6,EDT,6:41 AM,71,8:03 PM,290,13:22:34,+1:22,5:14 AM,9:30 PM,5:45 AM,8:58 PM,6:15 AM,8:28 PM,1:22 PM,78.1,93.778
2019,MAY,7,EDT,6:40 AM,70,8:04 PM,290,13:23:55,+1:21,5:13 AM,9:31 PM,5:44 AM,8:59 PM,6:15 AM,8:29 PM,1:22 PM,78.3,93.8
2019,MAY,8,EDT,6:39 AM,70,8:04 PM,290,13:25:16,+1:20,5:12 AM,9:31 PM,5:44 AM,9:00 PM,6:14 AM,8:30 PM,1:22 PM,78.6,93.822
2019,MAY,9,EDT,6:38 AM,70,8:05 PM,290,13:26:35,+1:19,5:11 AM,9:32 PM,5:43 AM,9:01 PM,6:13 AM,8:30 PM,1:21 PM,78.9,93.843
2019,MAY,10,EDT,6:38 AM,69,8:06 PM,291,13:27:53,+1:17,5:10 AM,9:33 PM,5:42 AM,9:01 PM,6:12 AM,8:31 PM,1:21 PM,79.1,93.864
2019,MAY,11,EDT,6:37 AM,69,8:06 PM,291,13:29:09,+1:16,5:09 AM,9:34 PM,5:41 AM,9:02 PM,6:12 AM,8:32 PM,1:21 PM,79.4,93.885
2019,MAY,12,EDT,6:36 AM,69,8:07 PM,291,13:30:25,+1:15,5:09 AM,9:35 PM,5:40 AM,9:03 PM,6:11 AM,8:32 PM,1:21 PM,79.6,93.905
2019,MAY,13,EDT,6:36 AM,68,8:07 PM,292,13:31:39,+1:14,5:08 AM,9:36 PM,5:40 AM,9:04 PM,6:10 AM,8:33 PM,1:21 PM,79.9,93.926
2019,MAY,14,EDT,6:35 AM,68,8:08 PM,292,13:32:52,+1:12,5:07 AM,9:37 PM,5:39 AM,9:04 PM,6:09 AM,8:34 PM,1:21 PM,80.1,93.946
2019,MAY,15,EDT,6:35 AM,68,8:09 PM,292,13:34:04,+1:11,5:06 AM,9:37 PM,5:38 AM,9:05 PM,6:09 AM,8:34 PM,1:21 PM,80.4,93.965
2019,MAY,16,EDT,6:34 AM,68,8:09 PM,292,13:35:14,+1:10,5:05 AM,9:38 PM,5:37 AM,9:06 PM,6:08 AM,8:35 PM,1:21 PM,80.6,93.985
2019,MAY,17,EDT,6:33 AM,67,8:10 PM,293,13:36:23,+1:08,5:04 AM,9:39 PM,5:37 AM,9:07 PM,6:08 AM,8:36 PM,1:21 PM,80.8,94.004
2019,MAY,18,EDT,6:33 AM,67,8:10 PM,293,13:37:30,+1:07,5:04 AM,9:40 PM,5:36 AM,9:07 PM,6:07 AM,8:36 PM,1:21 PM,81.1,94.023
2019,MAY,19,EDT,6:32 AM,67,8:11 PM,293,13:38:36,+1:05,5:03 AM,9:41 PM,5:35 AM,9:08 PM,6:06 AM,8:37 PM,1:21 PM,81.3,94.042
2019,MAY,20,EDT,6:32 AM,67,8:12 PM,293,13:39:40,+1:04,5:02 AM,9:42 PM,5:35 AM,9:09 PM,6:06 AM,8:38 PM,1:22 PM,81.5,94.061
2019,MAY,21,EDT,6:31 AM,66,8:12 PM,294,13:40:43,+1:02,5:01 AM,9:42 PM,5:34 AM,9:09 PM,6:05 AM,8:38 PM,1:22 PM,81.7,94.08
2019,MAY,22,EDT,6:31 AM,66,8:13 PM,294,13:41:45,+1:01,5:01 AM,9:43 PM,5:34 AM,9:10 PM,6:05 AM,8:39 PM,1:22 PM,81.9,94.098
2019,MAY,23,EDT,6:31 AM,66,8:13 PM,294,13:42:44,+0:59,5:00 AM,9:44 PM,5:33 AM,9:11 PM,6:04 AM,8:39 PM,1:22 PM,82.1,94.116
2019,MAY,24,EDT,6:30 AM,66,8:14 PM,294,13:43:43,+0:58,4:59 AM,9:45 PM,5:33 AM,9:12 PM,6:04 AM,8:40 PM,1:22 PM,82.3,94.134
2019,MAY,25,EDT,6:30 AM,66,8:14 PM,295,13:44:39,+0:56,4:59 AM,9:46 PM,5:32 AM,9:12 PM,6:04 AM,8:41 PM,1:22 PM,82.4,94.152
2019,MAY,26,EDT,6:29 AM,65,8:15 PM,295,13:45:34,+0:54,4:58 AM,9:46 PM,5:32 AM,9:13 PM,6:03 AM,8:41 PM,1:22 PM,82.6,94.169
2019,MAY,27,EDT,6:29 AM,65,8:16 PM,295,13:46:27,+0:52,4:58 AM,9:47 PM,5:31 AM,9:14 PM,6:03 AM,8:42 PM,1:22 PM,82.8,94.186
2019,MAY,28,EDT,6:29 AM,65,8:16 PM,295,13:47:18,+0:51,4:57 AM,9:48 PM,5:31 AM,9:14 PM,6:02 AM,8:42 PM,1:22 PM,83,94.203
2019,MAY,29,EDT,6:28 AM,65,8:17 PM,295,13:48:07,+0:49,4:57 AM,9:49 PM,5:30 AM,9:15 PM,6:02 AM,8:43 PM,1:22 PM,83.1,94.219
2019,MAY,30,EDT,6:28 AM,65,8:17 PM,296,13:48:55,+0:47,4:56 AM,9:49 PM,5:30 AM,9:16 PM,6:02 AM,8:44 PM,1:23 PM,83.3,94.234
2019,MAY,31,EDT,6:28 AM,64,8:18 PM,296,13:49:40,+0:45,4:56 AM,9:50 PM,5:30 AM,9:16 PM,6:01 AM,8:44 PM,1:23 PM,83.4,94.25
2019,JUN,1,EDT,6:28 AM,64,8:18 PM,296,13:50:24,+0:43,4:55 AM,9:51 PM,5:29 AM,9:17 PM,6:01 AM,8:45 PM,1:23 PM,83.5,94.264
2019,JUN,2,EDT,6:28 AM,64,8:19 PM,296,13:51:06,+0:41,4:55 AM,9:51 PM,5:29 AM,9:17 PM,6:01 AM,8:45 PM,1:23 PM,83.7,94.279
2019,JUN,3,EDT,6:27 AM,64,8:19 PM,296,13:51:46,+0:39,4:55 AM,9:52 PM,5:29 AM,9:18 PM,6:01 AM,8:46 PM,1:23 PM,83.8,94.292
2019,JUN,4,EDT,6:27 AM,64,8:20 PM,296,13:52:24,+0:37,4:54 AM,9:53 PM,5:28 AM,9:19 PM,6:01 AM,8:46 PM,1:23 PM,83.9,94.306
2019,JUN,5,EDT,6:27 AM,64,8:20 PM,296,13:52:59,+0:35,4:54 AM,9:53 PM,5:28 AM,9:19 PM,6:00 AM,8:47 PM,1:24 PM,84,94.318
2019,JUN,6,EDT,6:27 AM,64,8:21 PM,297,13:53:33,+0:33,4:54 AM,9:54 PM,5:28 AM,9:20 PM,6:00 AM,8:47 PM,1:24 PM,84.1,94.33
2019,JUN,7,EDT,6:27 AM,63,8:21 PM,297,13:54:05,+0:31,4:54 AM,9:54 PM,5:28 AM,9:20 PM,6:00 AM,8:48 PM,1:24 PM,84.2,94.342
2019,JUN,8,EDT,6:27 AM,63,8:21 PM,297,13:54:34,+0:29,4:53 AM,9:55 PM,5:28 AM,9:21 PM,6:00 AM,8:48 PM,1:24 PM,84.3,94.353
2019,JUN,9,EDT,6:27 AM,63,8:22 PM,297,13:55:02,+0:27,4:53 AM,9:55 PM,5:28 AM,9:21 PM,6:00 AM,8:49 PM,1:24 PM,84.4,94.364
2019,JUN,10,EDT,6:27 AM,63,8:22 PM,297,13:55:27,+0:25,4:53 AM,9:56 PM,5:28 AM,9:22 PM,6:00 AM,8:49 PM,1:24 PM,84.5,94.374
2019,JUN,11,EDT,6:27 AM,63,8:23 PM,297,13:55:50,+0:23,4:53 AM,9:56 PM,5:28 AM,9:22 PM,6:00 AM,8:50 PM,1:25 PM,84.6,94.384
2019,JUN,12,EDT,6:27 AM,63,8:23 PM,297,13:56:11,+0:20,4:53 AM,9:57 PM,5:28 AM,9:22 PM,6:00 AM,8:50 PM,1:25 PM,84.6,94.394
2019,JUN,13,EDT,6:27 AM,63,8:23 PM,297,13:56:30,+0:18,4:53 AM,9:57 PM,5:28 AM,9:23 PM,6:00 AM,8:50 PM,1:25 PM,84.7,94.403
2019,JUN,14,EDT,6:27 AM,63,8:24 PM,297,13:56:46,+0:16,4:53 AM,9:58 PM,5:28 AM,9:23 PM,6:00 AM,8:51 PM,1:25 PM,84.7,94.412
2019,JUN,15,EDT,6:27 AM,63,8:24 PM,297,13:57:01,+0:14,4:53 AM,9:58 PM,5:28 AM,9:24 PM,6:00 AM,8:51 PM,1:26 PM,84.8,94.421
2019,JUN,16,EDT,6:27 AM,63,8:24 PM,297,13:57:13,+0:12,4:53 AM,9:59 PM,5:28 AM,9:24 PM,6:00 AM,8:51 PM,1:26 PM,84.8,94.429
2019,JUN,17,EDT,6:27 AM,63,8:25 PM,297,13:57:23,+0:09,4:53 AM,9:59 PM,5:28 AM,9:24 PM,6:00 AM,8:52 PM,1:26 PM,84.8,94.437
2019,JUN,18,EDT,6:27 AM,63,8:25 PM,297,13:57:31,+0:07,4:53 AM,9:59 PM,5:28 AM,9:24 PM,6:00 AM,8:52 PM,1:26 PM,84.9,94.445
2019,JUN,19,EDT,6:28 AM,63,8:25 PM,297,13:57:36,+0:05,4:53 AM,9:59 PM,5:28 AM,9:25 PM,6:01 AM,8:52 PM,1:26 PM,84.9,94.452
2019,JUN,20,EDT,6:28 AM,63,8:25 PM,297,13:57:39,+0:03,4:54 AM,10:00 PM,5:28 AM,9:25 PM,6:01 AM,8:52 PM,1:27 PM,84.9,94.459
2019,JUN,21,EDT,6:28 AM,63,8:26 PM,297,13:57:40,< 1s,4:54 AM,10:00 PM,5:28 AM,9:25 PM,6:01 AM,8:53 PM,1:27 PM,84.9,94.466
2019,JUN,22,EDT,6:28 AM,63,8:26 PM,297,13:57:39,_0:01,4:54 AM,10:00 PM,5:29 AM,9:25 PM,6:01 AM,8:53 PM,1:27 PM,84.9,94.472
2019,JUN,23,EDT,6:28 AM,63,8:26 PM,297,13:57:35,_0:03,4:54 AM,10:00 PM,5:29 AM,9:26 PM,6:01 AM,8:53 PM,1:27 PM,84.9,94.478
2019,JUN,24,EDT,6:29 AM,63,8:26 PM,297,13:57:30,_0:05,4:54 AM,10:00 PM,5:29 AM,9:26 PM,6:02 AM,8:53 PM,1:27 PM,84.9,94.484
2019,JUN,25,EDT,6:29 AM,63,8:26 PM,297,13:57:22,_0:08,4:55 AM,10:00 PM,5:29 AM,9:26 PM,6:02 AM,8:53 PM,1:28 PM,84.8,94.489
2019,JUN,26,EDT,6:29 AM,63,8:26 PM,297,13:57:11,_0:10,4:55 AM,10:01 PM,5:30 AM,9:26 PM,6:02 AM,8:53 PM,1:28 PM,84.8,94.494
2019,JUN,27,EDT,6:30 AM,63,8:27 PM,297,13:56:59,_0:12,4:55 AM,10:01 PM,5:30 AM,9:26 PM,6:03 AM,8:53 PM,1:28 PM,84.8,94.498
2019,JUN,28,EDT,6:30 AM,63,8:27 PM,297,13:56:44,_0:14,4:56 AM,10:01 PM,5:30 AM,9:26 PM,6:03 AM,8:54 PM,1:28 PM,84.7,94.502
2019,JUN,29,EDT,6:30 AM,63,8:27 PM,297,13:56:27,_0:16,4:56 AM,10:01 PM,5:31 AM,9:26 PM,6:03 AM,8:54 PM,1:28 PM,84.7,94.505
2019,JUN,30,EDT,6:31 AM,63,8:27 PM,297,13:56:08,_0:19,4:57 AM,10:01 PM,5:31 AM,9:26 PM,6:04 AM,8:54 PM,1:29 PM,84.6,94.508
2019,JUL,1,EDT,6:31 AM,63,8:27 PM,297,13:55:47,_0:21,4:57 AM,10:00 PM,5:32 AM,9:26 PM,6:04 AM,8:54 PM,1:29 PM,84.5,94.51
2019,JUL,2,EDT,6:31 AM,63,8:27 PM,297,13:55:24,_0:23,4:58 AM,10:00 PM,5:32 AM,9:26 PM,6:04 AM,8:54 PM,1:29 PM,84.5,94.512
2019,JUL,3,EDT,6:32 AM,63,8:27 PM,297,13:54:58,_0:25,4:58 AM,10:00 PM,5:33 AM,9:26 PM,6:05 AM,8:53 PM,1:29 PM,84.4,94.513
2019,JUL,4,EDT,6:32 AM,63,8:27 PM,297,13:54:30,_0:27,4:59 AM,10:00 PM,5:33 AM,9:26 PM,6:05 AM,8:53 PM,1:29 PM,84.3,94.513
2019,JUL,5,EDT,6:33 AM,63,8:27 PM,297,13:54:01,_0:29,4:59 AM,10:00 PM,5:33 AM,9:26 PM,6:06 AM,8:53 PM,1:30 PM,84.2,94.513
2019,JUL,6,EDT,6:33 AM,63,8:26 PM,296,13:53:29,_0:31,5:00 AM,10:00 PM,5:34 AM,9:25 PM,6:06 AM,8:53 PM,1:30 PM,84.1,94.512
2019,JUL,7,EDT,6:33 AM,64,8:26 PM,296,13:52:55,_0:33,5:00 AM,9:59 PM,5:34 AM,9:25 PM,6:07 AM,8:53 PM,1:30 PM,84,94.511
2019,JUL,8,EDT,6:34 AM,64,8:26 PM,296,13:52:19,_0:35,5:01 AM,9:59 PM,5:35 AM,9:25 PM,6:07 AM,8:53 PM,1:30 PM,83.9,94.509
2019,JUL,9,EDT,6:34 AM,64,8:26 PM,296,13:51:41,_0:37,5:02 AM,9:59 PM,5:36 AM,9:25 PM,6:08 AM,8:53 PM,1:30 PM,83.8,94.507
2019,JUL,10,EDT,6:35 AM,64,8:26 PM,296,13:51:01,_0:39,5:02 AM,9:58 PM,5:36 AM,9:24 PM,6:08 AM,8:52 PM,1:30 PM,83.7,94.504
2019,JUL,11,EDT,6:35 AM,64,8:26 PM,296,13:50:20,_0:41,5:03 AM,9:58 PM,5:37 AM,9:24 PM,6:09 AM,8:52 PM,1:31 PM,83.5,94.501
2019,JUL,12,EDT,6:36 AM,64,8:25 PM,296,13:49:36,_0:43,5:03 AM,9:57 PM,5:37 AM,9:24 PM,6:09 AM,8:52 PM,1:31 PM,83.4,94.498
2019,JUL,13,EDT,6:36 AM,64,8:25 PM,295,13:48:50,_0:45,5:04 AM,9:57 PM,5:38 AM,9:23 PM,6:10 AM,8:52 PM,1:31 PM,83.2,94.494
2019,JUL,14,EDT,6:37 AM,65,8:25 PM,295,13:48:03,_0:47,5:05 AM,9:57 PM,5:38 AM,9:23 PM,6:10 AM,8:51 PM,1:31 PM,83.1,94.49
2019,JUL,15,EDT,6:37 AM,65,8:25 PM,295,13:47:14,_0:49,5:06 AM,9:56 PM,5:39 AM,9:23 PM,6:11 AM,8:51 PM,1:31 PM,82.9,94.485
2019,JUL,16,EDT,6:38 AM,65,8:24 PM,295,13:46:23,_0:50,5:06 AM,9:56 PM,5:40 AM,9:22 PM,6:11 AM,8:50 PM,1:31 PM,82.8,94.481
2019,JUL,17,EDT,6:38 AM,65,8:24 PM,295,13:45:30,_0:52,5:07 AM,9:55 PM,5:40 AM,9:22 PM,6:12 AM,8:50 PM,1:31 PM,82.6,94.476
2019,JUL,18,EDT,6:39 AM,65,8:23 PM,294,13:44:36,_0:54,5:08 AM,9:54 PM,5:41 AM,9:21 PM,6:13 AM,8:50 PM,1:31 PM,82.4,94.47
2019,JUL,19,EDT,6:39 AM,66,8:23 PM,294,13:43:39,_0:56,5:08 AM,9:54 PM,5:42 AM,9:21 PM,6:13 AM,8:49 PM,1:31 PM,82.3,94.464
2019,JUL,20,EDT,6:40 AM,66,8:23 PM,294,13:42:42,_0:57,5:09 AM,9:53 PM,5:42 AM,9:20 PM,6:14 AM,8:49 PM,1:31 PM,82.1,94.458
2019,JUL,21,EDT,6:40 AM,66,8:22 PM,294,13:41:42,_0:59,5:10 AM,9:52 PM,5:43 AM,9:20 PM,6:14 AM,8:48 PM,1:31 PM,81.9,94.452
2019,JUL,22,EDT,6:41 AM,66,8:22 PM,294,13:40:41,_1:00,5:11 AM,9:52 PM,5:44 AM,9:19 PM,6:15 AM,8:48 PM,1:31 PM,81.7,94.445
2019,JUL,23,EDT,6:42 AM,67,8:21 PM,293,13:39:39,_1:02,5:12 AM,9:51 PM,5:44 AM,9:18 PM,6:16 AM,8:47 PM,1:32 PM,81.5,94.438
2019,JUL,24,EDT,6:42 AM,67,8:21 PM,293,13:38:35,_1:03,5:12 AM,9:50 PM,5:45 AM,9:18 PM,6:16 AM,8:47 PM,1:32 PM,81.3,94.43
2019,JUL,25,EDT,6:43 AM,67,8:20 PM,293,13:37:29,_1:05,5:13 AM,9:49 PM,5:46 AM,9:17 PM,6:17 AM,8:46 PM,1:32 PM,81.1,94.422
2019,JUL,26,EDT,6:43 AM,67,8:20 PM,293,13:36:23,_1:06,5:14 AM,9:49 PM,5:46 AM,9:16 PM,6:17 AM,8:45 PM,1:32 PM,80.8,94.414
2019,JUL,27,EDT,6:44 AM,68,8:19 PM,292,13:35:14,_1:08,5:15 AM,9:48 PM,5:47 AM,9:16 PM,6:18 AM,8:45 PM,1:32 PM,80.6,94.405
2019,JUL,28,EDT,6:44 AM,68,8:18 PM,292,13:34:05,_1:09,5:15 AM,9:47 PM,5:48 AM,9:15 PM,6:19 AM,8:44 PM,1:32 PM,80.4,94.396
2019,JUL,29,EDT,6:45 AM,68,8:18 PM,292,13:32:54,_1:10,5:16 AM,9:46 PM,5:48 AM,9:14 PM,6:19 AM,8:43 PM,1:31 PM,80.2,94.386
2019,JUL,30,EDT,6:45 AM,68,8:17 PM,292,13:31:41,_1:12,5:17 AM,9:45 PM,5:49 AM,9:13 PM,6:20 AM,8:43 PM,1:31 PM,79.9,94.376
2019,JUL,31,EDT,6:46 AM,69,8:16 PM,291,13:30:28,_1:13,5:18 AM,9:44 PM,5:50 AM,9:13 PM,6:20 AM,8:42 PM,1:31 PM,79.7,94.365
2019,AUG,1,EDT,6:47 AM,69,8:16 PM,291,13:29:13,_1:14,5:19 AM,9:43 PM,5:51 AM,9:12 PM,6:21 AM,8:41 PM,1:31 PM,79.4,94.353
2019,AUG,2,EDT,6:47 AM,69,8:15 PM,291,13:27:57,_1:15,5:20 AM,9:42 PM,5:51 AM,9:11 PM,6:22 AM,8:41 PM,1:31 PM,79.2,94.341
2019,AUG,3,EDT,6:48 AM,69,8:14 PM,290,13:26:40,_1:17,5:20 AM,9:42 PM,5:52 AM,9:10 PM,6:22 AM,8:40 PM,1:31 PM,78.9,94.329
2019,AUG,4,EDT,6:48 AM,70,8:14 PM,290,13:25:22,_1:18,5:21 AM,9:41 PM,5:53 AM,9:09 PM,6:23 AM,8:39 PM,1:31 PM,78.6,94.315
2019,AUG,5,EDT,6:49 AM,70,8:13 PM,290,13:24:03,_1:19,5:22 AM,9:40 PM,5:53 AM,9:08 PM,6:24 AM,8:38 PM,1:31 PM,78.4,94.302
2019,AUG,6,EDT,6:49 AM,70,8:12 PM,289,13:22:42,_1:20,5:23 AM,9:38 PM,5:54 AM,9:07 PM,6:24 AM,8:37 PM,1:31 PM,78.1,94.288
2019,AUG,7,EDT,6:50 AM,71,8:11 PM,289,13:21:21,_1:21,5:24 AM,9:37 PM,5:55 AM,9:06 PM,6:25 AM,8:36 PM,1:31 PM,77.8,94.273
2019,AUG,8,EDT,6:50 AM,71,8:10 PM,289,13:19:59,_1:22,5:24 AM,9:36 PM,5:55 AM,9:05 PM,6:25 AM,8:36 PM,1:31 PM,77.5,94.259
2019,AUG,9,EDT,6:51 AM,71,8:10 PM,288,13:18:36,_1:23,5:25 AM,9:35 PM,5:56 AM,9:04 PM,6:26 AM,8:35 PM,1:31 PM,77.2,94.243
2019,AUG,10,EDT,6:52 AM,72,8:09 PM,288,13:17:11,_1:24,5:26 AM,9:34 PM,5:57 AM,9:03 PM,6:27 AM,8:34 PM,1:30 PM,77,94.228
2019,AUG,11,EDT,6:52 AM,72,8:08 PM,288,13:15:46,_1:25,5:27 AM,9:33 PM,5:57 AM,9:02 PM,6:27 AM,8:33 PM,1:30 PM,76.7,94.212
2019,AUG,12,EDT,6:53 AM,72,8:07 PM,287,13:14:21,_1:25,5:28 AM,9:32 PM,5:58 AM,9:01 PM,6:28 AM,8:32 PM,1:30 PM,76.4,94.196
2019,AUG,13,EDT,6:53 AM,73,8:06 PM,287,13:12:54,_1:26,5:28 AM,9:31 PM,5:59 AM,9:00 PM,6:28 AM,8:31 PM,1:30 PM,76.1,94.18
2019,AUG,14,EDT,6:54 AM,73,8:05 PM,287,13:11:26,_1:27,5:29 AM,9:30 PM,5:59 AM,8:59 PM,6:29 AM,8:30 PM,1:30 PM,75.7,94.163
2019,AUG,15,EDT,6:54 AM,73,8:04 PM,286,13:09:58,_1:28,5:30 AM,9:29 PM,6:00 AM,8:58 PM,6:30 AM,8:29 PM,1:29 PM,75.4,94.146
2019,AUG,16,EDT,6:55 AM,74,8:03 PM,286,13:08:29,_1:28,5:31 AM,9:27 PM,6:01 AM,8:57 PM,6:30 AM,8:28 PM,1:29 PM,75.1,94.129
2019,AUG,17,EDT,6:55 AM,74,8:02 PM,286,13:07:00,_1:29,5:31 AM,9:26 PM,6:01 AM,8:56 PM,6:31 AM,8:27 PM,1:29 PM,74.8,94.112
2019,AUG,18,EDT,6:56 AM,75,8:01 PM,285,13:05:29,_1:30,5:32 AM,9:25 PM,6:02 AM,8:55 PM,6:31 AM,8:26 PM,1:29 PM,74.5,94.095
2019,AUG,19,EDT,6:56 AM,75,8:00 PM,285,13:03:58,_1:31,5:33 AM,9:24 PM,6:03 AM,8:54 PM,6:32 AM,8:25 PM,1:29 PM,74.2,94.077
2019,AUG,20,EDT,6:57 AM,75,7:59 PM,284,13:02:27,_1:31,5:34 AM,9:23 PM,6:03 AM,8:53 PM,6:32 AM,8:24 PM,1:28 PM,73.8,94.059
2019,AUG,21,EDT,6:57 AM,76,7:58 PM,284,13:00:54,_1:32,5:34 AM,9:21 PM,6:04 AM,8:52 PM,6:33 AM,8:23 PM,1:28 PM,73.5,94.041
2019,AUG,22,EDT,6:58 AM,76,7:57 PM,284,12:59:21,_1:32,5:35 AM,9:20 PM,6:05 AM,8:51 PM,6:34 AM,8:22 PM,1:28 PM,73.2,94.022
2019,AUG,23,EDT,6:59 AM,76,7:56 PM,283,12:57:48,_1:33,5:36 AM,9:19 PM,6:05 AM,8:49 PM,6:34 AM,8:21 PM,1:28 PM,72.8,94.003
2019,AUG,24,EDT,6:59 AM,77,7:55 PM,283,12:56:14,_1:33,5:36 AM,9:18 PM,6:06 AM,8:48 PM,6:35 AM,8:20 PM,1:27 PM,72.5,93.984
2019,AUG,25,EDT,7:00 AM,77,7:54 PM,283,12:54:40,_1:34,5:37 AM,9:16 PM,6:07 AM,8:47 PM,6:35 AM,8:18 PM,1:27 PM,72.1,93.965
2019,AUG,26,EDT,7:00 AM,78,7:53 PM,282,12:53:05,_1:34,5:38 AM,9:15 PM,6:07 AM,8:46 PM,6:36 AM,8:17 PM,1:27 PM,71.8,93.945
2019,AUG,27,EDT,7:01 AM,78,7:52 PM,282,12:51:29,_1:35,5:39 AM,9:14 PM,6:08 AM,8:45 PM,6:36 AM,8:16 PM,1:27 PM,71.4,93.925
2019,AUG,28,EDT,7:01 AM,78,7:51 PM,281,12:49:53,_1:35,5:39 AM,9:13 PM,6:08 AM,8:44 PM,6:37 AM,8:15 PM,1:26 PM,71.1,93.904
2019,AUG,29,EDT,7:02 AM,79,7:50 PM,281,12:48:17,_1:36,5:40 AM,9:11 PM,6:09 AM,8:42 PM,6:37 AM,8:14 PM,1:26 PM,70.7,93.883
2019,AUG,30,EDT,7:02 AM,79,7:49 PM,281,12:46:40,_1:36,5:41 AM,9:10 PM,6:10 AM,8:41 PM,6:38 AM,8:13 PM,1:26 PM,70.4,93.862
2019,AUG,31,EDT,7:03 AM,80,7:48 PM,280,12:45:03,_1:37,5:41 AM,9:09 PM,6:10 AM,8:40 PM,6:39 AM,8:12 PM,1:25 PM,70,93.84
2019,SEP,1,EDT,7:03 AM,80,7:47 PM,280,12:43:26,_1:37,5:42 AM,9:07 PM,6:11 AM,8:39 PM,6:39 AM,8:11 PM,1:25 PM,69.7,93.818
2019,SEP,2,EDT,7:04 AM,81,7:45 PM,279,12:41:48,_1:37,5:43 AM,9:06 PM,6:11 AM,8:37 PM,6:40 AM,8:09 PM,1:25 PM,69.3,93.795
2019,SEP,3,EDT,7:04 AM,81,7:44 PM,279,12:40:10,_1:38,5:43 AM,9:05 PM,6:12 AM,8:36 PM,6:40 AM,8:08 PM,1:24 PM,68.9,93.772
2019,SEP,4,EDT,7:05 AM,81,7:43 PM,278,12:38:31,_1:38,5:44 AM,9:04 PM,6:13 AM,8:35 PM,6:41 AM,8:07 PM,1:24 PM,68.6,93.749
2019,SEP,5,EDT,7:05 AM,82,7:42 PM,278,12:36:52,_1:38,5:45 AM,9:02 PM,6:13 AM,8:34 PM,6:41 AM,8:06 PM,1:24 PM,68.2,93.725
2019,SEP,6,EDT,7:06 AM,82,7:41 PM,278,12:35:13,_1:39,5:45 AM,9:01 PM,6:14 AM,8:33 PM,6:42 AM,8:05 PM,1:23 PM,67.8,93.702
2019,SEP,7,EDT,7:06 AM,83,7:40 PM,277,12:33:34,_1:39,5:46 AM,9:00 PM,6:14 AM,8:31 PM,6:42 AM,8:03 PM,1:23 PM,67.4,93.678
2019,SEP,8,EDT,7:07 AM,83,7:38 PM,277,12:31:54,_1:39,5:46 AM,8:58 PM,6:15 AM,8:30 PM,6:43 AM,8:02 PM,1:23 PM,67.1,93.653
2019,SEP,9,EDT,7:07 AM,83,7:37 PM,276,12:30:14,_1:39,5:47 AM,8:57 PM,6:15 AM,8:29 PM,6:43 AM,8:01 PM,1:22 PM,66.7,93.629
2019,SEP,10,EDT,7:07 AM,84,7:36 PM,276,12:28:34,_1:39,5:48 AM,8:56 PM,6:16 AM,8:28 PM,6:44 AM,8:00 PM,1:22 PM,66.3,93.605
2019,SEP,11,EDT,7:08 AM,84,7:35 PM,275,12:26:54,_1:40,5:48 AM,8:54 PM,6:16 AM,8:26 PM,6:44 AM,7:59 PM,1:22 PM,65.9,93.58
2019,SEP,12,EDT,7:08 AM,85,7:34 PM,275,12:25:14,_1:40,5:49 AM,8:53 PM,6:17 AM,8:25 PM,6:45 AM,7:57 PM,1:21 PM,65.6,93.556
2019,SEP,13,EDT,7:09 AM,85,7:33 PM,275,12:23:33,_1:40,5:50 AM,8:52 PM,6:18 AM,8:24 PM,6:45 AM,7:56 PM,1:21 PM,65.2,93.531
2019,SEP,14,EDT,7:09 AM,86,7:31 PM,274,12:21:53,_1:40,5:50 AM,8:50 PM,6:18 AM,8:23 PM,6:46 AM,7:55 PM,1:21 PM,64.8,93.506
2019,SEP,15,EDT,7:10 AM,86,7:30 PM,274,12:20:12,_1:40,5:51 AM,8:49 PM,6:19 AM,8:21 PM,6:46 AM,7:54 PM,1:20 PM,64.4,93.481
2019,SEP,16,EDT,7:10 AM,87,7:29 PM,273,12:18:31,_1:40,5:51 AM,8:48 PM,6:19 AM,8:20 PM,6:47 AM,7:53 PM,1:20 PM,64,93.456
2019,SEP,17,EDT,7:11 AM,87,7:28 PM,273,12:16:50,_1:41,5:52 AM,8:47 PM,6:20 AM,8:19 PM,6:47 AM,7:51 PM,1:19 PM,63.6,93.431
2019,SEP,18,EDT,7:11 AM,87,7:27 PM,272,12:15:09,_1:41,5:52 AM,8:45 PM,6:20 AM,8:18 PM,6:48 AM,7:50 PM,1:19 PM,63.3,93.406
2019,SEP,19,EDT,7:12 AM,88,7:25 PM,272,12:13:28,_1:41,5:53 AM,8:44 PM,6:21 AM,8:16 PM,6:48 AM,7:49 PM,1:19 PM,62.9,93.381
2019,SEP,20,EDT,7:12 AM,88,7:24 PM,271,12:11:46,_1:41,5:54 AM,8:43 PM,6:21 AM,8:15 PM,6:49 AM,7:48 PM,1:18 PM,62.5,93.356
2019,SEP,21,EDT,7:13 AM,89,7:23 PM,271,12:10:05,_1:41,5:54 AM,8:42 PM,6:22 AM,8:14 PM,6:49 AM,7:46 PM,1:18 PM,62.1,93.331
2019,SEP,22,EDT,7:13 AM,89,7:22 PM,271,12:08:23,_1:41,5:55 AM,8:40 PM,6:22 AM,8:13 PM,6:50 AM,7:45 PM,1:18 PM,61.7,93.306
2019,SEP,23,EDT,7:14 AM,90,7:21 PM,270,12:06:42,_1:41,5:55 AM,8:39 PM,6:23 AM,8:11 PM,6:50 AM,7:44 PM,1:17 PM,61.3,93.28
2019,SEP,24,EDT,7:14 AM,90,7:19 PM,270,12:05:00,_1:41,5:56 AM,8:38 PM,6:23 AM,8:10 PM,6:51 AM,7:43 PM,1:17 PM,60.9,93.255
2019,SEP,25,EDT,7:15 AM,90,7:18 PM,269,12:03:19,_1:41,5:56 AM,8:37 PM,6:24 AM,8:09 PM,6:51 AM,7:42 PM,1:17 PM,60.5,93.229
2019,SEP,26,EDT,7:15 AM,91,7:17 PM,269,12:01:38,_1:41,5:57 AM,8:35 PM,6:24 AM,8:08 PM,6:52 AM,7:40 PM,1:16 PM,60.1,93.203
2019,SEP,27,EDT,7:16 AM,91,7:16 PM,268,11:59:56,_1:41,5:57 AM,8:34 PM,6:25 AM,8:07 PM,6:52 AM,7:39 PM,1:16 PM,59.8,93.177
2019,SEP,28,EDT,7:16 AM,92,7:15 PM,268,11:58:15,_1:41,5:58 AM,8:33 PM,6:25 AM,8:05 PM,6:53 AM,7:38 PM,1:16 PM,59.4,93.151
2019,SEP,29,EDT,7:17 AM,92,7:13 PM,268,11:56:33,_1:41,5:58 AM,8:32 PM,6:26 AM,8:04 PM,6:53 AM,7:37 PM,1:15 PM,59,93.124
2019,SEP,30,EDT,7:17 AM,93,7:12 PM,267,11:54:52,_1:41,5:59 AM,8:30 PM,6:26 AM,8:03 PM,6:54 AM,7:36 PM,1:15 PM,58.6,93.097
2019,OCT,1,EDT,7:18 AM,93,7:11 PM,267,11:53:11,_1:41,6:00 AM,8:29 PM,6:27 AM,8:02 PM,6:54 AM,7:35 PM,1:15 PM,58.2,93.07
2019,OCT,2,EDT,7:18 AM,94,7:10 PM,266,11:51:30,_1:41,6:00 AM,8:28 PM,6:28 AM,8:01 PM,6:55 AM,7:33 PM,1:14 PM,57.8,93.043
2019,OCT,3,EDT,7:19 AM,94,7:09 PM,266,11:49:49,_1:40,6:01 AM,8:27 PM,6:28 AM,8:00 PM,6:55 AM,7:32 PM,1:14 PM,57.4,93.016
2019,OCT,4,EDT,7:19 AM,94,7:08 PM,265,11:48:08,_1:40,6:01 AM,8:26 PM,6:29 AM,7:58 PM,6:56 AM,7:31 PM,1:14 PM,57,92.988
2019,OCT,5,EDT,7:20 AM,95,7:06 PM,265,11:46:27,_1:40,6:02 AM,8:25 PM,6:29 AM,7:57 PM,6:56 AM,7:30 PM,1:13 PM,56.7,92.961
2019,OCT,6,EDT,7:21 AM,95,7:05 PM,264,11:44:47,_1:40,6:02 AM,8:24 PM,6:30 AM,7:56 PM,6:57 AM,7:29 PM,1:13 PM,56.3,92.934
2019,OCT,7,EDT,7:21 AM,96,7:04 PM,264,11:43:06,_1:40,6:03 AM,8:22 PM,6:30 AM,7:55 PM,6:57 AM,7:28 PM,1:13 PM,55.9,92.906
2019,OCT,8,EDT,7:22 AM,96,7:03 PM,264,11:41:26,_1:40,6:03 AM,8:21 PM,6:31 AM,7:54 PM,6:58 AM,7:27 PM,1:13 PM,55.5,92.879
2019,OCT,9,EDT,7:22 AM,97,7:02 PM,263,11:39:46,_1:39,6:04 AM,8:20 PM,6:31 AM,7:53 PM,6:59 AM,7:26 PM,1:12 PM,55.1,92.852
2019,OCT,10,EDT,7:23 AM,97,7:01 PM,263,11:38:06,_1:39,6:04 AM,8:19 PM,6:32 AM,7:52 PM,6:59 AM,7:25 PM,1:12 PM,54.8,92.825
2019,OCT,11,EDT,7:23 AM,98,7:00 PM,262,11:36:27,_1:39,6:05 AM,8:18 PM,6:32 AM,7:51 PM,7:00 AM,7:23 PM,1:12 PM,54.4,92.798
2019,OCT,12,EDT,7:24 AM,98,6:59 PM,262,11:34:48,_1:39,6:05 AM,8:17 PM,6:33 AM,7:50 PM,7:00 AM,7:22 PM,1:11 PM,54,92.771
2019,OCT,13,EDT,7:24 AM,98,6:58 PM,261,11:33:09,_1:38,6:06 AM,8:16 PM,6:33 AM,7:49 PM,7:01 AM,7:21 PM,1:11 PM,53.6,92.744
2019,OCT,14,EDT,7:25 AM,99,6:57 PM,261,11:31:30,_1:38,6:07 AM,8:15 PM,6:34 AM,7:48 PM,7:01 AM,7:20 PM,1:11 PM,53.3,92.718
2019,OCT,15,EDT,7:26 AM,99,6:56 PM,261,11:29:52,_1:38,6:07 AM,8:14 PM,6:34 AM,7:47 PM,7:02 AM,7:19 PM,1:11 PM,52.9,92.691
2019,OCT,16,EDT,7:26 AM,100,6:54 PM,260,11:28:14,_1:37,6:08 AM,8:13 PM,6:35 AM,7:46 PM,7:02 AM,7:18 PM,1:11 PM,52.5,92.665
2019,OCT,17,EDT,7:27 AM,100,6:53 PM,260,11:26:37,_1:37,6:08 AM,8:12 PM,6:36 AM,7:45 PM,7:03 AM,7:17 PM,1:10 PM,52.1,92.639
2019,OCT,18,EDT,7:27 AM,100,6:52 PM,259,11:25:00,_1:37,6:09 AM,8:11 PM,6:36 AM,7:44 PM,7:04 AM,7:16 PM,1:10 PM,51.8,92.614
2019,OCT,19,EDT,7:28 AM,101,6:51 PM,259,11:23:23,_1:36,6:09 AM,8:10 PM,6:37 AM,7:43 PM,7:04 AM,7:15 PM,1:10 PM,51.4,92.588
2019,OCT,20,EDT,7:29 AM,101,6:50 PM,258,11:21:47,_1:36,6:10 AM,8:09 PM,6:37 AM,7:42 PM,7:05 AM,7:14 PM,1:10 PM,51.1,92.562
2019,OCT,21,EDT,7:29 AM,102,6:50 PM,258,11:20:11,_1:35,6:10 AM,8:08 PM,6:38 AM,7:41 PM,7:05 AM,7:13 PM,1:10 PM,50.7,92.537
2019,OCT,22,EDT,7:30 AM,102,6:49 PM,258,11:18:36,_1:35,6:11 AM,8:08 PM,6:38 AM,7:40 PM,7:06 AM,7:13 PM,1:09 PM,50.4,92.512
2019,OCT,23,EDT,7:31 AM,103,6:48 PM,257,11:17:01,_1:34,6:12 AM,8:07 PM,6:39 AM,7:39 PM,7:07 AM,7:12 PM,1:09 PM,50,92.487
2019,OCT,24,EDT,7:31 AM,103,6:47 PM,257,11:15:27,_1:34,6:12 AM,8:06 PM,6:40 AM,7:38 PM,7:07 AM,7:11 PM,1:09 PM,49.7,92.462
2019,OCT,25,EDT,7:32 AM,103,6:46 PM,256,11:13:53,_1:33,6:13 AM,8:05 PM,6:40 AM,7:38 PM,7:08 AM,7:10 PM,1:09 PM,49.3,92.437
2019,OCT,26,EDT,7:33 AM,104,6:45 PM,256,11:12:20,_1:33,6:13 AM,8:04 PM,6:41 AM,7:37 PM,7:09 AM,7:09 PM,1:09 PM,49,92.412
2019,OCT,27,EDT,7:33 AM,104,6:44 PM,256,11:10:47,_1:32,6:14 AM,8:03 PM,6:41 AM,7:36 PM,7:09 AM,7:08 PM,1:09 PM,48.6,92.387
2019,OCT,28,EDT,7:34 AM,104,6:43 PM,255,11:09:15,_1:31,6:15 AM,8:03 PM,6:42 AM,7:35 PM,7:10 AM,7:07 PM,1:09 PM,48.3,92.362
2019,OCT,29,EDT,7:35 AM,105,6:42 PM,255,11:07:44,_1:31,6:15 AM,8:02 PM,6:43 AM,7:34 PM,7:10 AM,7:07 PM,1:09 PM,48,92.337
2019,OCT,30,EDT,7:35 AM,105,6:42 PM,255,11:06:13,_1:30,6:16 AM,8:01 PM,6:43 AM,7:34 PM,7:11 AM,7:06 PM,1:09 PM,47.6,92.312
2019,OCT,31,EDT,7:36 AM,106,6:41 PM,254,11:04:44,_1:29,6:16 AM,8:01 PM,6:44 AM,7:33 PM,7:12 AM,7:05 PM,1:09 PM,47.3,92.287
2019,NOV,1,EDT,7:37 AM,106,6:40 PM,254,11:03:15,_1:29,6:17 AM,8:00 PM,6:45 AM,7:32 PM,7:12 AM,7:04 PM,1:09 PM,47,92.262
2019,NOV,2,EDT,7:38 AM,106,6:39 PM,253,11:01:46,_1:28,6:18 AM,7:59 PM,6:45 AM,7:32 PM,7:13 AM,7:04 PM,1:09 PM,46.7,92.238
2019,NOV,3,EST,6:38 AM,107,5:39 PM,253,11:00:19,_1:27,5:18 AM,6:59 PM,5:46 AM,6:31 PM,6:14 AM,6:03 PM,12:09 PM,46.4,92.213
2019,NOV,4,EST,6:39 AM,107,5:38 PM,253,10:58:53,_1:26,5:19 AM,6:58 PM,5:47 AM,6:30 PM,6:15 AM,6:02 PM,12:09 PM,46,92.189
2019,NOV,5,EST,6:40 AM,107,5:37 PM,252,10:57:27,_1:25,5:19 AM,6:57 PM,5:47 AM,6:30 PM,6:15 AM,6:02 PM,12:09 PM,45.7,92.165
2019,NOV,6,EST,6:40 AM,108,5:36 PM,252,10:56:03,_1:24,5:20 AM,6:57 PM,5:48 AM,6:29 PM,6:16 AM,6:01 PM,12:09 PM,45.4,92.141
2019,NOV,7,EST,6:41 AM,108,5:36 PM,252,10:54:39,_1:23,5:21 AM,6:56 PM,5:48 AM,6:29 PM,6:17 AM,6:00 PM,12:09 PM,45.1,92.118
2019,NOV,8,EST,6:42 AM,108,5:35 PM,251,10:53:16,_1:22,5:21 AM,6:56 PM,5:49 AM,6:28 PM,6:17 AM,6:00 PM,12:09 PM,44.8,92.095
2019,NOV,9,EST,6:43 AM,109,5:35 PM,251,10:51:55,_1:21,5:22 AM,6:55 PM,5:50 AM,6:27 PM,6:18 AM,5:59 PM,12:09 PM,44.6,92.072
2019,NOV,10,EST,6:43 AM,109,5:34 PM,251,10:50:34,_1:20,5:23 AM,6:55 PM,5:51 AM,6:27 PM,6:19 AM,5:59 PM,12:09 PM,44.3,92.05
2019,NOV,11,EST,6:44 AM,109,5:33 PM,250,10:49:15,_1:19,5:23 AM,6:54 PM,5:51 AM,6:27 PM,6:19 AM,5:58 PM,12:09 PM,44,92.028
2019,NOV,12,EST,6:45 AM,110,5:33 PM,250,10:47:57,_1:18,5:24 AM,6:54 PM,5:52 AM,6:26 PM,6:20 AM,5:58 PM,12:09 PM,43.7,92.006
2019,NOV,13,EST,6:46 AM,110,5:32 PM,250,10:46:40,_1:16,5:25 AM,6:54 PM,5:53 AM,6:26 PM,6:21 AM,5:57 PM,12:09 PM,43.5,91.985
2019,NOV,14,EST,6:47 AM,110,5:32 PM,250,10:45:25,_1:15,5:25 AM,6:53 PM,5:53 AM,6:25 PM,6:22 AM,5:57 PM,12:09 PM,43.2,91.964
2019,NOV,15,EST,6:47 AM,111,5:32 PM,249,10:44:10,_1:14,5:26 AM,6:53 PM,5:54 AM,6:25 PM,6:22 AM,5:56 PM,12:10 PM,42.9,91.944
2019,NOV,16,EST,6:48 AM,111,5:31 PM,249,10:42:57,_1:12,5:27 AM,6:53 PM,5:55 AM,6:25 PM,6:23 AM,5:56 PM,12:10 PM,42.7,91.923
2019,NOV,17,EST,6:49 AM,111,5:31 PM,249,10:41:46,_1:11,5:27 AM,6:52 PM,5:55 AM,6:24 PM,6:24 AM,5:56 PM,12:10 PM,42.4,91.904
2019,NOV,18,EST,6:50 AM,112,5:30 PM,248,10:40:36,_1:10,5:28 AM,6:52 PM,5:56 AM,6:24 PM,6:25 AM,5:55 PM,12:10 PM,42.2,91.885
2019,NOV,19,EST,6:51 AM,112,5:30 PM,248,10:39:27,_1:08,5:29 AM,6:52 PM,5:57 AM,6:24 PM,6:25 AM,5:55 PM,12:10 PM,42,91.866
2019,NOV,20,EST,6:51 AM,112,5:30 PM,248,10:38:20,_1:07,5:29 AM,6:52 PM,5:57 AM,6:23 PM,6:26 AM,5:55 PM,12:11 PM,41.7,91.847
2019,NOV,21,EST,6:52 AM,112,5:29 PM,248,10:37:14,_1:05,5:30 AM,6:52 PM,5:58 AM,6:23 PM,6:27 AM,5:55 PM,12:11 PM,41.5,91.829
2019,NOV,22,EST,6:53 AM,113,5:29 PM,247,10:36:10,_1:04,5:31 AM,6:51 PM,5:59 AM,6:23 PM,6:28 AM,5:54 PM,12:11 PM,41.3,91.811
2019,NOV,23,EST,6:54 AM,113,5:29 PM,247,10:35:07,_1:02,5:31 AM,6:51 PM,6:00 AM,6:23 PM,6:28 AM,5:54 PM,12:11 PM,41.1,91.793
2019,NOV,24,EST,6:54 AM,113,5:29 PM,247,10:34:07,_1:00,5:32 AM,6:51 PM,6:00 AM,6:23 PM,6:29 AM,5:54 PM,12:12 PM,40.9,91.776
2019,NOV,25,EST,6:55 AM,113,5:28 PM,247,10:33:07,_0:59,5:33 AM,6:51 PM,6:01 AM,6:23 PM,6:30 AM,5:54 PM,12:12 PM,40.7,91.758
2019,NOV,26,EST,6:56 AM,114,5:28 PM,246,10:32:10,_0:57,5:33 AM,6:51 PM,6:02 AM,6:23 PM,6:31 AM,5:54 PM,12:12 PM,40.5,91.741
2019,NOV,27,EST,6:57 AM,114,5:28 PM,246,10:31:15,_0:55,5:34 AM,6:51 PM,6:02 AM,6:22 PM,6:31 AM,5:54 PM,12:13 PM,40.3,91.725
2019,NOV,28,EST,6:58 AM,114,5:28 PM,246,10:30:21,_0:53,5:35 AM,6:51 PM,6:03 AM,6:22 PM,6:32 AM,5:53 PM,12:13 PM,40.1,91.708
2019,NOV,29,EST,6:58 AM,114,5:28 PM,246,10:29:29,_0:51,5:35 AM,6:51 PM,6:04 AM,6:22 PM,6:33 AM,5:53 PM,12:13 PM,40,91.692
2019,NOV,30,EST,6:59 AM,114,5:28 PM,246,10:28:39,_0:49,5:36 AM,6:51 PM,6:05 AM,6:22 PM,6:34 AM,5:53 PM,12:14 PM,39.8,91.676
2019,DEC,1,EST,7:00 AM,115,5:28 PM,245,10:27:51,_0:47,5:37 AM,6:51 PM,6:05 AM,6:23 PM,6:34 AM,5:53 PM,12:14 PM,39.6,91.66
2019,DEC,2,EST,7:01 AM,115,5:28 PM,245,10:27:06,_0:45,5:37 AM,6:51 PM,6:06 AM,6:23 PM,6:35 AM,5:53 PM,12:14 PM,39.5,91.645
2019,DEC,3,EST,7:02 AM,115,5:28 PM,245,10:26:22,_0:43,5:38 AM,6:51 PM,6:07 AM,6:23 PM,6:36 AM,5:54 PM,12:15 PM,39.4,91.63
2019,DEC,4,EST,7:02 AM,115,5:28 PM,245,10:25:40,_0:41,5:39 AM,6:51 PM,6:07 AM,6:23 PM,6:37 AM,5:54 PM,12:15 PM,39.2,91.615
2019,DEC,5,EST,7:03 AM,115,5:28 PM,245,10:25:00,_0:39,5:39 AM,6:52 PM,6:08 AM,6:23 PM,6:37 AM,5:54 PM,12:16 PM,39.1,91.601
2019,DEC,6,EST,7:04 AM,115,5:28 PM,245,10:24:23,_0:37,5:40 AM,6:52 PM,6:09 AM,6:23 PM,6:38 AM,5:54 PM,12:16 PM,39,91.587
2019,DEC,7,EST,7:04 AM,115,5:28 PM,245,10:23:48,_0:35,5:41 AM,6:52 PM,6:09 AM,6:23 PM,6:39 AM,5:54 PM,12:16 PM,38.9,91.574
2019,DEC,8,EST,7:05 AM,116,5:28 PM,244,10:23:15,_0:33,5:41 AM,6:52 PM,6:10 AM,6:23 PM,6:39 AM,5:54 PM,12:17 PM,38.7,91.561
2019,DEC,9,EST,7:06 AM,116,5:29 PM,244,10:22:44,_0:30,5:42 AM,6:52 PM,6:11 AM,6:24 PM,6:40 AM,5:54 PM,12:17 PM,38.6,91.549
2019,DEC,10,EST,7:07 AM,116,5:29 PM,244,10:22:15,_0:28,5:43 AM,6:53 PM,6:11 AM,6:24 PM,6:41 AM,5:55 PM,12:18 PM,38.6,91.537
2019,DEC,11,EST,7:07 AM,116,5:29 PM,244,10:21:49,_0:26,5:43 AM,6:53 PM,6:12 AM,6:24 PM,6:41 AM,5:55 PM,12:18 PM,38.5,91.526
2019,DEC,12,EST,7:08 AM,116,5:29 PM,244,10:21:25,_0:23,5:44 AM,6:53 PM,6:13 AM,6:25 PM,6:42 AM,5:55 PM,12:19 PM,38.4,91.515
2019,DEC,13,EST,7:09 AM,116,5:30 PM,244,10:21:04,_0:21,5:44 AM,6:54 PM,6:13 AM,6:25 PM,6:43 AM,5:56 PM,12:19 PM,38.3,91.505
2019,DEC,14,EST,7:09 AM,116,5:30 PM,244,10:20:44,_0:19,5:45 AM,6:54 PM,6:14 AM,6:25 PM,6:43 AM,5:56 PM,12:20 PM,38.3,91.496
2019,DEC,15,EST,7:10 AM,116,5:30 PM,244,10:20:27,_0:16,5:46 AM,6:54 PM,6:15 AM,6:26 PM,6:44 AM,5:56 PM,12:20 PM,38.2,91.487
2019,DEC,16,EST,7:10 AM,116,5:31 PM,244,10:20:13,_0:14,5:46 AM,6:55 PM,6:15 AM,6:26 PM,6:45 AM,5:57 PM,12:21 PM,38.2,91.478
2019,DEC,17,EST,7:11 AM,116,5:31 PM,244,10:20:01,_0:12,5:47 AM,6:55 PM,6:16 AM,6:26 PM,6:45 AM,5:57 PM,12:21 PM,38.1,91.471
2019,DEC,18,EST,7:12 AM,116,5:31 PM,244,10:19:51,_0:09,5:47 AM,6:56 PM,6:16 AM,6:27 PM,6:46 AM,5:57 PM,12:22 PM,38.1,91.463
2019,DEC,19,EST,7:12 AM,116,5:32 PM,244,10:19:44,_0:07,5:48 AM,6:56 PM,6:17 AM,6:27 PM,6:46 AM,5:58 PM,12:22 PM,38.1,91.456
2019,DEC,20,EST,7:13 AM,116,5:32 PM,244,10:19:39,_0:04,5:48 AM,6:57 PM,6:17 AM,6:28 PM,6:47 AM,5:58 PM,12:23 PM,38,91.45
2019,DEC,21,EST,7:13 AM,116,5:33 PM,244,10:19:37,_0:02,5:49 AM,6:57 PM,6:18 AM,6:28 PM,6:47 AM,5:59 PM,12:23 PM,38,91.444
2019,DEC,22,EST,7:14 AM,116,5:33 PM,244,10:19:37,< 1s,5:49 AM,6:58 PM,6:18 AM,6:29 PM,6:48 AM,5:59 PM,12:24 PM,38,91.438
2019,DEC,23,EST,7:14 AM,116,5:34 PM,244,10:19:40,+0:02,5:50 AM,6:58 PM,6:19 AM,6:29 PM,6:48 AM,6:00 PM,12:24 PM,38.1,91.433
2019,DEC,24,EST,7:15 AM,116,5:34 PM,244,10:19:45,+0:04,5:50 AM,6:59 PM,6:19 AM,6:30 PM,6:49 AM,6:00 PM,12:25 PM,38.1,91.428
2019,DEC,25,EST,7:15 AM,116,5:35 PM,244,10:19:52,+0:07,5:51 AM,6:59 PM,6:20 AM,6:30 PM,6:49 AM,6:01 PM,12:25 PM,38.1,91.423
2019,DEC,26,EST,7:16 AM,116,5:36 PM,244,10:20:02,+0:09,5:51 AM,7:00 PM,6:20 AM,6:31 PM,6:50 AM,6:01 PM,12:26 PM,38.1,91.419
2019,DEC,27,EST,7:16 AM,116,5:36 PM,244,10:20:15,+0:12,5:52 AM,7:00 PM,6:21 AM,6:32 PM,6:50 AM,6:02 PM,12:26 PM,38.2,91.415
2019,DEC,28,EST,7:16 AM,116,5:37 PM,244,10:20:29,+0:14,5:52 AM,7:01 PM,6:21 AM,6:32 PM,6:50 AM,6:03 PM,12:27 PM,38.2,91.412
2019,DEC,29,EST,7:17 AM,116,5:37 PM,244,10:20:47,+0:17,5:53 AM,7:02 PM,6:21 AM,6:33 PM,6:51 AM,6:03 PM,12:27 PM,38.3,91.409
2019,DEC,30,EST,7:17 AM,116,5:38 PM,244,10:21:06,+0:19,5:53 AM,7:02 PM,6:22 AM,6:33 PM,6:51 AM,6:04 PM,12:27 PM,38.3,91.406
2019,DEC,31,EST,7:17 AM,116,5:39 PM,244,10:21:28,+0:21,5:53 AM,7:03 PM,6:22 AM,6:34 PM,6:51 AM,6:05 PM,12:28 PM,38.4,91.403
2020,JAN,1,EST,7:18 AM,116,5:39 PM,244,10:21:52,+0:24,5:54 AM,7:03 PM,6:22 AM,6:35 PM,6:52 AM,6:05 PM,12:28 PM,38.5,91.401
2020,JAN,2,EST,7:18 AM,116,5:40 PM,244,10:22:19,+0:26,5:54 AM,7:04 PM,6:23 AM,6:35 PM,6:52 AM,6:06 PM,12:29 PM,38.6,91.4
2020,JAN,3,EST,7:18 AM,116,5:41 PM,244,10:22:48,+0:28,5:54 AM,7:05 PM,6:23 AM,6:36 PM,6:52 AM,6:07 PM,12:29 PM,38.7,91.399
2020,JAN,4,EST,7:18 AM,116,5:42 PM,244,10:23:19,+0:31,5:54 AM,7:05 PM,6:23 AM,6:37 PM,6:52 AM,6:07 PM,12:30 PM,38.8,91.398
2020,JAN,5,EST,7:18 AM,115,5:42 PM,245,10:23:53,+0:33,5:55 AM,7:06 PM,6:23 AM,6:37 PM,6:53 AM,6:08 PM,12:30 PM,38.9,91.398
2020,JAN,6,EST,7:19 AM,115,5:43 PM,245,10:24:28,+0:35,5:55 AM,7:07 PM,6:24 AM,6:38 PM,6:53 AM,6:09 PM,12:31 PM,39,91.399
2020,JAN,7,EST,7:19 AM,115,5:44 PM,245,10:25:06,+0:37,5:55 AM,7:07 PM,6:24 AM,6:39 PM,6:53 AM,6:09 PM,12:31 PM,39.1,91.4
2020,JAN,8,EST,7:19 AM,115,5:45 PM,245,10:25:47,+0:40,5:55 AM,7:08 PM,6:24 AM,6:39 PM,6:53 AM,6:10 PM,12:32 PM,39.2,91.401
2020,JAN,9,EST,7:19 AM,115,5:45 PM,245,10:26:29,+0:42,5:55 AM,7:09 PM,6:24 AM,6:40 PM,6:53 AM,6:11 PM,12:32 PM,39.4,91.404
2020,JAN,10,EST,7:19 AM,115,5:46 PM,245,10:27:13,+0:44,5:56 AM,7:09 PM,6:24 AM,6:41 PM,6:53 AM,6:12 PM,12:32 PM,39.5,91.406
2020,JAN,11,EST,7:19 AM,115,5:47 PM,246,10:28:00,+0:46,5:56 AM,7:10 PM,6:24 AM,6:42 PM,6:53 AM,6:12 PM,12:33 PM,39.7,91.41
2020,JAN,12,EST,7:19 AM,114,5:48 PM,246,10:28:48,+0:48,5:56 AM,7:11 PM,6:24 AM,6:42 PM,6:53 AM,6:13 PM,12:33 PM,39.8,91.414
2020,JAN,13,EST,7:19 AM,114,5:49 PM,246,10:29:38,+0:50,5:56 AM,7:12 PM,6:24 AM,6:43 PM,6:53 AM,6:14 PM,12:34 PM,40,91.418
2020,JAN,14,EST,7:19 AM,114,5:49 PM,246,10:30:31,+0:52,5:56 AM,7:12 PM,6:24 AM,6:44 PM,6:53 AM,6:15 PM,12:34 PM,40.2,91.424
2020,JAN,15,EST,7:19 AM,114,5:50 PM,246,10:31:25,+0:54,5:56 AM,7:13 PM,6:24 AM,6:44 PM,6:53 AM,6:16 PM,12:34 PM,40.4,91.429
2020,JAN,16,EST,7:19 AM,114,5:51 PM,247,10:32:21,+0:56,5:56 AM,7:14 PM,6:24 AM,6:45 PM,6:53 AM,6:16 PM,12:35 PM,40.5,91.436
2020,JAN,17,EST,7:18 AM,113,5:52 PM,247,10:33:19,+0:58,5:56 AM,7:14 PM,6:24 AM,6:46 PM,6:53 AM,6:17 PM,12:35 PM,40.7,91.443
2020,JAN,18,EST,7:18 AM,113,5:53 PM,247,10:34:19,+0:59,5:56 AM,7:15 PM,6:24 AM,6:47 PM,6:53 AM,6:18 PM,12:35 PM,40.9,91.45
2020,JAN,19,EST,7:18 AM,113,5:53 PM,247,10:35:21,+1:01,5:56 AM,7:16 PM,6:24 AM,6:47 PM,6:53 AM,6:19 PM,12:36 PM,41.1,91.457
2020,JAN,20,EST,7:18 AM,113,5:54 PM,247,10:36:24,+1:03,5:56 AM,7:17 PM,6:24 AM,6:48 PM,6:53 AM,6:19 PM,12:36 PM,41.4,91.466
2020,JAN,21,EST,7:18 AM,112,5:55 PM,248,10:37:29,+1:04,5:55 AM,7:17 PM,6:24 AM,6:49 PM,6:52 AM,6:20 PM,12:36 PM,41.6,91.474
2020,JAN,22,EST,7:17 AM,112,5:56 PM,248,10:38:36,+1:06,5:55 AM,7:18 PM,6:24 AM,6:50 PM,6:52 AM,6:21 PM,12:36 PM,41.8,91.483
2020,JAN,23,EST,7:17 AM,112,5:57 PM,248,10:39:44,+1:08,5:55 AM,7:19 PM,6:23 AM,6:50 PM,6:52 AM,6:22 PM,12:37 PM,42,91.492
2020,JAN,24,EST,7:17 AM,112,5:58 PM,249,10:40:54,+1:09,5:55 AM,7:19 PM,6:23 AM,6:51 PM,6:52 AM,6:23 PM,12:37 PM,42.3,91.501
2020,JAN,25,EST,7:16 AM,111,5:58 PM,249,10:42:05,+1:11,5:55 AM,7:20 PM,6:23 AM,6:52 PM,6:51 AM,6:23 PM,12:37 PM,42.5,91.511
2020,JAN,26,EST,7:16 AM,111,5:59 PM,249,10:43:18,+1:12,5:54 AM,7:21 PM,6:23 AM,6:53 PM,6:51 AM,6:24 PM,12:37 PM,42.8,91.521
2020,JAN,27,EST,7:16 AM,111,6:00 PM,249,10:44:32,+1:14,5:54 AM,7:22 PM,6:22 AM,6:53 PM,6:51 AM,6:25 PM,12:38 PM,43,91.532
2020,JAN,28,EST,7:15 AM,110,6:01 PM,250,10:45:47,+1:15,5:54 AM,7:22 PM,6:22 AM,6:54 PM,6:50 AM,6:26 PM,12:38 PM,43.3,91.542
2020,JAN,29,EST,7:15 AM,110,6:02 PM,250,10:47:04,+1:16,5:54 AM,7:23 PM,6:22 AM,6:55 PM,6:50 AM,6:27 PM,12:38 PM,43.5,91.553
2020,JAN,30,EST,7:14 AM,110,6:03 PM,250,10:48:22,+1:18,5:53 AM,7:24 PM,6:21 AM,6:56 PM,6:49 AM,6:27 PM,12:38 PM,43.8,91.565
2020,JAN,31,EST,7:14 AM,109,6:03 PM,251,10:49:41,+1:19,5:53 AM,7:24 PM,6:21 AM,6:56 PM,6:49 AM,6:28 PM,12:38 PM,44.1,91.577